Mark,Medal,Temp,Gender,Seconds
2:23:14,TRUE,70,F,8594
2:23:22,TRUE,70,F,8602
2:24:45,TRUE,70,F,8685
2:26:17,FALSE,70,F,8777
2:26:33,FALSE,70,F,8793
2:26:54,FALSE,70,F,8814
2:27:03,FALSE,70,F,8823
2:27:07,FALSE,70,F,8827
2:27:38,FALSE,70,F,8858
2:27:55,FALSE,70,F,8875
2:28:37,FALSE,70,F,8917
2:29:26,FALSE,70,F,8966
2:29:45,FALSE,70,F,8985
2:29:55,FALSE,70,F,8995
2:30:34,FALSE,70,F,9034
2:30:51,FALSE,70,F,9051
2:30:54,FALSE,70,F,9054
2:31:32,FALSE,70,F,9092
2:31:35,FALSE,70,F,9095
2:31:40,FALSE,70,F,9100
2:32:29,FALSE,70,F,9149
2:32:29,FALSE,70,F,9149
2:32:35,FALSE,70,F,9155
2:33:45,FALSE,70,F,9225
2:33:54,FALSE,70,F,9234
2:34:33,FALSE,70,F,9273
2:35:07,FALSE,70,F,9307
2:35:32,FALSE,70,F,9332
2:36:16,FALSE,70,F,9376
2:36:45,FALSE,70,F,9405
2:36:48,FALSE,70,F,9408
2:36:50,FALSE,70,F,9410
2:38:28,FALSE,70,F,9508
2:38:42,FALSE,70,F,9522
2:38:44,FALSE,70,F,9524
2:42:29,FALSE,70,F,9749
2:42:40,FALSE,70,F,9760
2:43:00,FALSE,70,F,9780
2:45:40,FALSE,70,F,9940
2:47:26,FALSE,70,F,10046
2:51:03,FALSE,70,F,10263
3:02:32,FALSE,70,F,10952
3:10:55,FALSE,70,F,11455
3:13:58,FALSE,70,F,11638
3:34:27,FALSE,70,F,12867
2:10:11,TRUE,70,M,7811
2:10:31,TRUE,70,M,7831
2:11:10,TRUE,70,M,7870
2:11:17,FALSE,70,M,7877
2:12:14,FALSE,70,M,7934
2:13:06,FALSE,70,M,7986
2:13:49,FALSE,70,M,8029
2:14:04,FALSE,70,M,8044
2:14:19,FALSE,70,M,8059
2:14:50,FALSE,70,M,8090
2:15:17,FALSE,70,M,8117
2:16:19,FALSE,70,M,8179
2:16:24,FALSE,70,M,8184
2:16:27,FALSE,70,M,8187
2:16:39,FALSE,70,M,8199
2:16:43,FALSE,70,M,8203
2:16:43,FALSE,70,M,8203
2:16:52,FALSE,70,M,8212
2:16:59,FALSE,70,M,8219
2:16:59,FALSE,70,M,8219
2:17:21,FALSE,70,M,8241
2:17:21,FALSE,70,M,8241
2:17:46,FALSE,70,M,8266
2:17:57,FALSE,70,M,8277
2:18:00,FALSE,70,M,8280
2:18:02,FALSE,70,M,8282
2:18:02,FALSE,70,M,8282
2:18:04,FALSE,70,M,8284
2:18:04,FALSE,70,M,8284
2:18:04,FALSE,70,M,8284
2:19:08,FALSE,70,M,8348
2:19:24,FALSE,70,M,8364
2:19:26,FALSE,70,M,8366
2:19:38,FALSE,70,M,8378
2:19:41,FALSE,70,M,8381
2:20:06,FALSE,70,M,8406
2:20:09,FALSE,70,M,8409
2:20:33,FALSE,70,M,8433
2:20:37,FALSE,70,M,8437
2:20:39,FALSE,70,M,8439
2:20:52,FALSE,70,M,8452
2:21:18,FALSE,70,M,8478
2:21:25,FALSE,70,M,8485
2:21:38,FALSE,70,M,8498
2:22:23,FALSE,70,M,8543
2:22:30,FALSE,70,M,8550
2:22:47,FALSE,70,M,8567
2:22:55,FALSE,70,M,8575
2:23:03,FALSE,70,M,8583
2:23:04,FALSE,70,M,8584
2:23:38,FALSE,70,M,8618
2:23:53,FALSE,70,M,8633
2:24:04,FALSE,70,M,8644
2:24:11,FALSE,70,M,8651
2:24:35,FALSE,70,M,8675
2:24:42,FALSE,70,M,8682
2:24:53,FALSE,70,M,8693
2:25:01,FALSE,70,M,8701
2:25:13,FALSE,70,M,8713
2:26:24,FALSE,70,M,8784
2:26:24,FALSE,70,M,8784
2:26:38,FALSE,70,M,8798
2:26:55,FALSE,70,M,8815
2:27:17,FALSE,70,M,8837
2:28:25,FALSE,70,M,8905
2:29:32,FALSE,70,M,8972
2:29:46,FALSE,70,M,8986
2:30:29,FALSE,70,M,9029
2:30:46,FALSE,70,M,9046
2:31:26,FALSE,70,M,9086
2:33:11,FALSE,70,M,9191
2:34:11,FALSE,70,M,9251
2:34:39,FALSE,70,M,9279
2:35:42,FALSE,70,M,9342
2:37:08,FALSE,70,M,9428
2:38:29,FALSE,70,M,9509
2:38:53,FALSE,70,M,9533
2:39:14,FALSE,70,M,9554
3:00:02,FALSE,70,M,10802
3:03:56,FALSE,70,M,11036
3:09:14,FALSE,70,M,11354
2:26:05,TRUE,79,F,8765
2:28:05,TRUE,79,F,8885
2:28:39,TRUE,79,F,8919
2:28:45,FALSE,79,F,8925
2:30:50,FALSE,79,F,9050
2:31:04,FALSE,79,F,9064
2:31:11,FALSE,79,F,9071
2:31:16,FALSE,79,F,9076
2:31:21,FALSE,79,F,9081
2:31:30,FALSE,79,F,9090
2:31:52,FALSE,79,F,9112
2:32:35,FALSE,79,F,9155
2:33:09,FALSE,79,F,9189
2:33:27,FALSE,79,F,9207
2:34:19,FALSE,79,F,9259
2:34:30,FALSE,79,F,9270
2:34:31,FALSE,79,F,9271
2:34:48,FALSE,79,F,9288
2:35:12,FALSE,79,F,9312
2:35:31,FALSE,79,F,9331
2:35:44,FALSE,79,F,9344
2:35:45,FALSE,79,F,9345
2:36:14,FALSE,79,F,9374
2:36:22,FALSE,79,F,9382
2:36:27,FALSE,79,F,9387
2:36:31,FALSE,79,F,9391
2:36:39,FALSE,79,F,9399
2:36:41,FALSE,79,F,9401
2:36:44,FALSE,79,F,9404
2:36:54,FALSE,79,F,9414
2:36:58,FALSE,79,F,9418
2:37:06,FALSE,79,F,9426
2:37:14,FALSE,79,F,9434
2:37:19,FALSE,79,F,9439
2:38:04,FALSE,79,F,9484
2:38:43,FALSE,79,F,9523
2:39:06,FALSE,79,F,9546
2:39:18,FALSE,79,F,9558
2:39:33,FALSE,79,F,9573
2:39:51,FALSE,79,F,9591
2:40:46,FALSE,79,F,9646
2:41:33,FALSE,79,F,9693
2:41:56,FALSE,79,F,9716
2:42:01,FALSE,79,F,9721
2:42:08,FALSE,79,F,9728
2:42:21,FALSE,79,F,9741
2:43:44,FALSE,79,F,9824
2:43:58,FALSE,79,F,9838
2:44:12,FALSE,79,F,9852
2:44:21,FALSE,79,F,9861
2:44:23,FALSE,79,F,9863
2:44:38,FALSE,79,F,9878
2:46:58,FALSE,79,F,10018
2:48:58,FALSE,79,F,10138
2:49:30,FALSE,79,F,10170
2:50:05,FALSE,79,F,10205
2:50:46,FALSE,79,F,10246
2:52:09,FALSE,79,F,10329
2:56:19,FALSE,79,F,10579
2:56:23,FALSE,79,F,10583
3:09:08,FALSE,79,F,11348
3:16:19,FALSE,79,F,11779
3:19:06,FALSE,79,F,11946
3:25:16,FALSE,79,F,12316
3:27:28,FALSE,79,F,12448
2:12:36,TRUE,90,M,7956
2:12:39,TRUE,90,M,7959
2:12:44,TRUE,90,M,7964
2:13:20,FALSE,90,M,8000
2:13:39,FALSE,90,M,8019
2:14:29,FALSE,90,M,8069
2:14:35,FALSE,90,M,8075
2:14:55,FALSE,90,M,8095
2:15:08,FALSE,90,M,8108
2:15:55,FALSE,90,M,8155
2:15:56,FALSE,90,M,8156
2:16:17,FALSE,90,M,8177
2:16:31,FALSE,90,M,8191
2:16:41,FALSE,90,M,8201
2:16:48,FALSE,90,M,8208
2:17:01,FALSE,90,M,8221
2:17:04,FALSE,90,M,8224
2:17:24,FALSE,90,M,8244
2:17:26,FALSE,90,M,8246
2:17:27,FALSE,90,M,8247
2:17:28,FALSE,90,M,8248
2:17:40,FALSE,90,M,8260
2:17:42,FALSE,90,M,8262
2:17:49,FALSE,90,M,8269
2:18:03,FALSE,90,M,8283
2:18:06,FALSE,90,M,8286
2:18:09,FALSE,90,M,8289
2:18:17,FALSE,90,M,8297
2:18:26,FALSE,90,M,8306
2:18:29,FALSE,90,M,8309
2:18:38,FALSE,90,M,8318
2:18:41,FALSE,90,M,8321
2:18:55,FALSE,90,M,8335
2:19:35,FALSE,90,M,8375
2:19:39,FALSE,90,M,8379
2:19:41,FALSE,90,M,8381
2:19:51,FALSE,90,M,8391
2:19:54,FALSE,90,M,8394
2:19:56,FALSE,90,M,8396
2:20:19,FALSE,90,M,8419
2:20:27,FALSE,90,M,8427
2:20:33,FALSE,90,M,8433
2:20:37,FALSE,90,M,8437
2:20:39,FALSE,90,M,8439
2:20:48,FALSE,90,M,8448
2:20:58,FALSE,90,M,8458
2:21:01,FALSE,90,M,8461
2:21:12,FALSE,90,M,8472
2:21:22,FALSE,90,M,8482
2:21:45,FALSE,90,M,8505
2:21:50,FALSE,90,M,8510
2:22:04,FALSE,90,M,8524
2:22:11,FALSE,90,M,8531
2:22:13,FALSE,90,M,8533
2:22:37,FALSE,90,M,8557
2:23:03,FALSE,90,M,8583
2:23:04,FALSE,90,M,8584
2:23:14,FALSE,90,M,8594
2:23:24,FALSE,90,M,8604
2:23:28,FALSE,90,M,8608
2:23:41,FALSE,90,M,8621
2:23:43,FALSE,90,M,8623
2:23:59,FALSE,90,M,8639
2:24:27,FALSE,90,M,8667
2:24:45,FALSE,90,M,8685
2:24:49,FALSE,90,M,8689
2:25:04,FALSE,90,M,8704
2:25:12,FALSE,90,M,8712
2:25:29,FALSE,90,M,8729
2:25:41,FALSE,90,M,8741
2:25:56,FALSE,90,M,8756
2:26:02,FALSE,90,M,8762
2:26:53,FALSE,90,M,8813
2:27:04,FALSE,90,M,8824
2:27:20,FALSE,90,M,8840
2:27:52,FALSE,90,M,8872
2:28:36,FALSE,90,M,8916
2:28:49,FALSE,90,M,8929
2:28:50,FALSE,90,M,8930
2:29:06,FALSE,90,M,8946
2:29:45,FALSE,90,M,8985
2:29:55,FALSE,90,M,8995
2:30:35,FALSE,90,M,9035
2:30:49,FALSE,90,M,9049
2:30:57,FALSE,90,M,9057
2:31:05,FALSE,90,M,9065
2:31:28,FALSE,90,M,9088
2:32:12,FALSE,90,M,9132
2:32:35,FALSE,90,M,9155
2:32:55,FALSE,90,M,9175
2:33:08,FALSE,90,M,9188
2:33:11,FALSE,90,M,9191
2:33:27,FALSE,90,M,9207
2:34:13,FALSE,90,M,9253
2:34:16,FALSE,90,M,9256
2:34:40,FALSE,90,M,9280
2:35:55,FALSE,90,M,9355
2:36:01,FALSE,90,M,9361
2:37:02,FALSE,90,M,9422
2:37:10,FALSE,90,M,9430
2:40:41,FALSE,90,M,9641
2:41:56,FALSE,90,M,9716
2:42:07,FALSE,90,M,9727
2:44:10,FALSE,90,M,9850
2:47:01,FALSE,90,M,10021
2:47:15,FALSE,90,M,10035
2:47:38,FALSE,90,M,10058
2:48:26,FALSE,90,M,10106
2:51:41,FALSE,90,M,10301
2:59:55,FALSE,90,M,10795
4:24:17,FALSE,90,M,15857
2:26:20,TRUE,93,F,8780
2:26:32,TRUE,93,F,8792
2:27:20,TRUE,93,F,8840
2:28:15,FALSE,93,F,8895
2:28:44,FALSE,93,F,8924
2:31:15,FALSE,93,F,9075
2:31:43,FALSE,93,F,9103
2:31:56,FALSE,93,F,9116
2:32:04,FALSE,93,F,9124
2:32:50,FALSE,93,F,9170
2:33:52,FALSE,93,F,9232
2:34:34,FALSE,93,F,9274
2:34:45,FALSE,93,F,9285
2:35:01,FALSE,93,F,9301
2:35:54,FALSE,93,F,9354
2:35:56,FALSE,93,F,9356
2:36:43,FALSE,93,F,9403
2:36:45,FALSE,93,F,9405
2:37:23,FALSE,93,F,9443
2:37:31,FALSE,93,F,9451
2:37:52,FALSE,93,F,9472
2:37:53,FALSE,93,F,9473
2:38:57,FALSE,93,F,9537
2:39:55,FALSE,93,F,9595
2:40:13,FALSE,93,F,9613
2:40:13,FALSE,93,F,9613
2:40:46,FALSE,93,F,9646
2:40:58,FALSE,93,F,9658
2:41:00,FALSE,93,F,9660
2:41:36,FALSE,93,F,9696
2:41:41,FALSE,93,F,9701
2:41:51,FALSE,93,F,9711
2:42:54,FALSE,93,F,9774
2:43:52,FALSE,93,F,9832
2:44:05,FALSE,93,F,9845
2:44:28,FALSE,93,F,9868
2:44:33,FALSE,93,F,9873
2:46:14,FALSE,93,F,9974
2:46:30,FALSE,93,F,9990
2:47:23,FALSE,93,F,10043
2:47:26,FALSE,93,F,10046
2:48:08,FALSE,93,F,10088
2:48:14,FALSE,93,F,10094
2:48:47,FALSE,93,F,10127
2:48:57,FALSE,93,F,10137
2:49:04,FALSE,93,F,10144
2:49:18,FALSE,93,F,10158
2:49:41,FALSE,93,F,10181
2:50:01,FALSE,93,F,10201
2:50:01,FALSE,93,F,10201
2:50:23,FALSE,93,F,10223
2:50:29,FALSE,93,F,10229
2:50:45,FALSE,93,F,10245
2:52:50,FALSE,93,F,10370
2:54:48,FALSE,93,F,10488
2:55:54,FALSE,93,F,10554
2:55:58,FALSE,93,F,10558
2:57:14,FALSE,93,F,10634
3:02:20,FALSE,93,F,10940
3:03:21,FALSE,93,F,11001
3:03:29,FALSE,93,F,11009
3:08:11,FALSE,93,F,11291
3:09:18,FALSE,93,F,11358
3:11:56,FALSE,93,F,11516
3:18:25,FALSE,93,F,11905
3:48:42,FALSE,93,F,13722
2:10:55,TRUE,84,M,7855
2:11:29,TRUE,84,M,7889
2:12:11,TRUE,84,M,7931
2:12:26,FALSE,84,M,7946
2:13:11,FALSE,84,M,7991
2:13:24,FALSE,84,M,8004
2:13:30,FALSE,84,M,8010
2:14:17,FALSE,84,M,8057
2:14:34,FALSE,84,M,8074
2:14:45,FALSE,84,M,8085
2:15:12,FALSE,84,M,8112
2:15:26,FALSE,84,M,8126
2:15:28,FALSE,84,M,8128
2:15:33,FALSE,84,M,8133
2:15:39,FALSE,84,M,8139
2:16:08,FALSE,84,M,8168
2:16:14,FALSE,84,M,8174
2:16:38,FALSE,84,M,8198
2:16:55,FALSE,84,M,8215
2:17:25,FALSE,84,M,8245
2:17:45,FALSE,84,M,8265
2:17:50,FALSE,84,M,8270
2:17:53,FALSE,84,M,8273
2:17:56,FALSE,84,M,8276
2:18:09,FALSE,84,M,8289
2:18:09,FALSE,84,M,8289
2:18:40,FALSE,84,M,8320
2:18:46,FALSE,84,M,8326
2:19:19,FALSE,84,M,8359
2:19:24,FALSE,84,M,8364
2:19:26,FALSE,84,M,8366
2:19:31,FALSE,84,M,8371
2:19:42,FALSE,84,M,8382
2:19:43,FALSE,84,M,8383
2:19:47,FALSE,84,M,8387
2:19:50,FALSE,84,M,8390
2:20:20,FALSE,84,M,8420
2:20:27,FALSE,84,M,8427
2:20:31,FALSE,84,M,8431
2:20:38,FALSE,84,M,8438
2:21:01,FALSE,84,M,8461
2:21:13,FALSE,84,M,8473
2:21:14,FALSE,84,M,8474
2:21:23,FALSE,84,M,8483
2:21:42,FALSE,84,M,8502
2:21:53,FALSE,84,M,8513
2:21:59,FALSE,84,M,8519
2:22:09,FALSE,84,M,8529
2:22:32,FALSE,84,M,8552
2:22:37,FALSE,84,M,8557
2:22:49,FALSE,84,M,8569
2:23:07,FALSE,84,M,8587
2:23:26,FALSE,84,M,8606
2:23:34,FALSE,84,M,8614
2:23:34,FALSE,84,M,8614
2:23:54,FALSE,84,M,8634
2:23:55,FALSE,84,M,8635
2:24:54,FALSE,84,M,8694
2:25:20,FALSE,84,M,8720
2:25:26,FALSE,84,M,8726
2:25:29,FALSE,84,M,8729
2:26:05,FALSE,84,M,8765
2:27:12,FALSE,84,M,8832
2:27:13,FALSE,84,M,8833
2:27:17,FALSE,84,M,8837
2:27:31,FALSE,84,M,8851
2:28:18,FALSE,84,M,8898
2:29:07,FALSE,84,M,8947
2:29:43,FALSE,84,M,8983
2:30:19,FALSE,84,M,9019
2:31:12,FALSE,84,M,9072
2:31:41,FALSE,84,M,9101
2:31:51,FALSE,84,M,9111
2:33:02,FALSE,84,M,9182
2:33:24,FALSE,84,M,9204
2:34:02,FALSE,84,M,9242
2:34:02,FALSE,84,M,9242
2:36:22,FALSE,84,M,9382
2:40:10,FALSE,84,M,9610
2:44:19,FALSE,84,M,9859
2:50:26,FALSE,84,M,10226
2:26:44,TRUE,76,F,8804
2:27:06,TRUE,76,F,8826
2:27:07,TRUE,76,F,8827
2:27:16,FALSE,76,F,8836
2:27:23,FALSE,76,F,8843
2:27:29,FALSE,76,F,8849
2:27:31,FALSE,76,F,8851
2:27:51,FALSE,76,F,8871
2:28:29,FALSE,76,F,8909
2:29:28,FALSE,76,F,8968
2:29:33,FALSE,76,F,8973
2:30:01,FALSE,76,F,9001
2:30:19,FALSE,76,F,9019
2:30:55,FALSE,76,F,9055
2:31:16,FALSE,76,F,9076
2:31:16,FALSE,76,F,9076
2:31:31,FALSE,76,F,9091
2:31:41,FALSE,76,F,9101
2:31:47,FALSE,76,F,9107
2:31:48,FALSE,76,F,9108
2:32:06,FALSE,76,F,9126
2:32:16,FALSE,76,F,9136
2:32:38,FALSE,76,F,9158
2:32:39,FALSE,76,F,9159
2:33:07,FALSE,76,F,9187
2:33:12,FALSE,76,F,9192
2:33:13,FALSE,76,F,9193
2:33:29,FALSE,76,F,9209
2:33:31,FALSE,76,F,9211
2:33:32,FALSE,76,F,9212
2:33:35,FALSE,76,F,9215
2:34:08,FALSE,76,F,9248
2:34:16,FALSE,76,F,9256
2:34:35,FALSE,76,F,9275
2:34:51,FALSE,76,F,9291
2:34:52,FALSE,76,F,9292
2:35:09,FALSE,76,F,9309
2:35:17,FALSE,76,F,9317
2:35:19,FALSE,76,F,9319
2:35:22,FALSE,76,F,9322
2:35:35,FALSE,76,F,9335
2:35:47,FALSE,76,F,9347
2:35:53,FALSE,76,F,9353
2:36:10,FALSE,76,F,9370
2:36:25,FALSE,76,F,9385
2:36:25,FALSE,76,F,9385
2:37:03,FALSE,76,F,9423
2:37:04,FALSE,76,F,9424
2:37:10,FALSE,76,F,9430
2:37:12,FALSE,76,F,9432
2:06:32,TRUE,90,M,7592
2:07:16,TRUE,90,M,7636
2:10:00,TRUE,90,M,7800
2:10:21,FALSE,90,M,7821
2:10:24,FALSE,90,M,7824
2:10:35,FALSE,90,M,7835
2:10:52,FALSE,90,M,7852
2:11:11,FALSE,90,M,7871
2:11:59,FALSE,90,M,7919
2:12:33,FALSE,90,M,7953
2:13:17,FALSE,90,M,7997
2:13:25,FALSE,90,M,8005
2:13:26,FALSE,90,M,8006
2:13:33,FALSE,90,M,8013
2:13:39,FALSE,90,M,8019
2:14:00,FALSE,90,M,8040
2:14:22,FALSE,90,M,8062
2:14:37,FALSE,90,M,8077
2:14:44,FALSE,90,M,8084
2:15:00,FALSE,90,M,8100
2:15:57,FALSE,90,M,8157
2:16:07,FALSE,90,M,8167
2:16:10,FALSE,90,M,8170
2:16:14,FALSE,90,M,8174
2:16:17,FALSE,90,M,8177
2:17:42,FALSE,90,M,8262
2:17:50,FALSE,90,M,8270
2:17:56,FALSE,90,M,8276
2:18:11,FALSE,90,M,8291
2:18:15,FALSE,90,M,8295
2:18:26,FALSE,90,M,8306
2:18:40,FALSE,90,M,8320
2:19:08,FALSE,90,M,8348
2:19:43,FALSE,90,M,8383
2:20:15,FALSE,90,M,8415
2:20:23,FALSE,90,M,8423
2:20:24,FALSE,90,M,8424
2:20:25,FALSE,90,M,8425
2:20:30,FALSE,90,M,8430
2:21:16,FALSE,90,M,8476
2:21:18,FALSE,90,M,8478
2:21:51,FALSE,90,M,8511
2:21:57,FALSE,90,M,8517
2:22:43,FALSE,90,M,8563
2:23:09,FALSE,90,M,8589
2:23:20,FALSE,90,M,8600
2:23:24,FALSE,90,M,8604
2:23:47,FALSE,90,M,8627
2:23:54,FALSE,90,M,8634
2:23:57,FALSE,90,M,8637
2:24:08,FALSE,90,M,8648
2:24:19,FALSE,90,M,8659
2:24:28,FALSE,90,M,8668
2:24:48,FALSE,90,M,8688
2:25:03,FALSE,90,M,8703
2:25:11,FALSE,90,M,8711
2:25:50,FALSE,90,M,8750
2:26:29,FALSE,90,M,8789
2:26:55,FALSE,90,M,8815
2:27:17,FALSE,90,M,8837
2:28:04,FALSE,90,M,8884
2:28:14,FALSE,90,M,8894
2:28:26,FALSE,90,M,8906
2:28:40,FALSE,90,M,8920
2:29:05,FALSE,90,M,8945
2:29:28,FALSE,90,M,8968
2:29:37,FALSE,90,M,8977
2:29:55,FALSE,90,M,8995
2:30:07,FALSE,90,M,9007
2:30:26,FALSE,90,M,9026
2:31:43,FALSE,90,M,9103
2:32:35,FALSE,90,M,9155
2:33:32,FALSE,90,M,9212
2:35:06,FALSE,90,M,9306
2:39:01,FALSE,90,M,9541
2:41:08,FALSE,90,M,9668
2:23:07,TRUE,72,F,8587
2:23:12,TRUE,72,F,8592
2:23:29,TRUE,72,F,8609
2:23:56,FALSE,72,F,8636
2:24:48,FALSE,72,F,8688
2:25:11,FALSE,72,F,8711
2:25:27,FALSE,72,F,8727
2:25:38,FALSE,72,F,8738
2:25:51,FALSE,72,F,8751
2:26:07,FALSE,72,F,8767
2:26:09,FALSE,72,F,8769
2:26:13,FALSE,72,F,8773
2:26:44,FALSE,72,F,8804
2:26:59,FALSE,72,F,8819
2:27:16,FALSE,72,F,8836
2:27:32,FALSE,72,F,8852
2:27:36,FALSE,72,F,8856
2:27:43,FALSE,72,F,8863
2:27:52,FALSE,72,F,8872
2:28:12,FALSE,72,F,8892
2:28:21,FALSE,72,F,8901
2:28:48,FALSE,72,F,8928
2:28:52,FALSE,72,F,8932
2:28:54,FALSE,72,F,8934
2:29:19,FALSE,72,F,8959
2:29:29,FALSE,72,F,8969
2:29:32,FALSE,72,F,8972
2:29:38,FALSE,72,F,8978
2:30:09,FALSE,72,F,9009
2:30:13,FALSE,72,F,9013
2:30:22,FALSE,72,F,9022
2:30:25,FALSE,72,F,9025
2:30:26,FALSE,72,F,9026
2:30:51,FALSE,72,F,9051
2:30:57,FALSE,72,F,9057
2:31:15,FALSE,72,F,9075
2:31:16,FALSE,72,F,9076
2:31:17,FALSE,72,F,9077
2:31:43,FALSE,72,F,9103
2:31:58,FALSE,72,F,9118
2:32:03,FALSE,72,F,9123
2:32:07,FALSE,72,F,9127
2:32:14,FALSE,72,F,9134
2:32:46,FALSE,72,F,9166
2:33:08,FALSE,72,F,9188
2:33:15,FALSE,72,F,9195
2:33:26,FALSE,72,F,9206
2:33:30,FALSE,72,F,9210
2:33:30,FALSE,72,F,9210
2:33:33,FALSE,72,F,9213
2:34:03,FALSE,72,F,9243
2:34:50,FALSE,72,F,9290
2:34:51,FALSE,72,F,9291
2:35:09,FALSE,72,F,9309
2:35:17,FALSE,72,F,9317
2:35:39,FALSE,72,F,9339
2:35:49,FALSE,72,F,9349
2:36:01,FALSE,72,F,9361
2:36:12,FALSE,72,F,9372
2:36:20,FALSE,72,F,9380
2:36:41,FALSE,72,F,9401
2:37:13,FALSE,72,F,9433
2:37:13,FALSE,72,F,9433
2:37:14,FALSE,72,F,9434
2:37:17,FALSE,72,F,9437
2:37:47,FALSE,72,F,9467
2:38:08,FALSE,72,F,9488
2:38:22,FALSE,72,F,9502
2:38:26,FALSE,72,F,9506
2:38:31,FALSE,72,F,9511
2:38:33,FALSE,72,F,9513
2:39:01,FALSE,72,F,9541
2:39:03,FALSE,72,F,9543
2:39:07,FALSE,72,F,9547
2:39:12,FALSE,72,F,9552
2:40:06,FALSE,72,F,9606
2:40:13,FALSE,72,F,9613
2:40:27,FALSE,72,F,9627
2:40:50,FALSE,72,F,9650
2:40:57,FALSE,72,F,9657
2:41:15,FALSE,72,F,9675
2:41:20,FALSE,72,F,9680
2:41:34,FALSE,72,F,9694
2:42:01,FALSE,72,F,9721
2:42:50,FALSE,72,F,9770
2:43:15,FALSE,72,F,9795
2:43:17,FALSE,72,F,9797
2:44:45,FALSE,72,F,9885
2:44:46,FALSE,72,F,9886
2:45:16,FALSE,72,F,9916
2:45:55,FALSE,72,F,9955
2:46:38,FALSE,72,F,9998
2:46:53,FALSE,72,F,10013
2:47:47,FALSE,72,F,10067
2:48:11,FALSE,72,F,10091
2:49:38,FALSE,72,F,10178
2:51:07,FALSE,72,F,10267
2:52:15,FALSE,72,F,10335
2:54:15,FALSE,72,F,10455
3:01:18,FALSE,72,F,10878
3:04:27,FALSE,72,F,11067
3:05:07,FALSE,72,F,11107
3:22:11,FALSE,72,F,12131
2:08:01,TRUE,79,M,7681
2:08:27,TRUE,79,M,7707
2:09:37,TRUE,79,M,7777
2:11:06,FALSE,79,M,7866
2:11:10,FALSE,79,M,7870
2:11:16,FALSE,79,M,7876
2:12:08,FALSE,79,M,7928
2:12:17,FALSE,79,M,7937
2:12:28,FALSE,79,M,7948
2:12:45,FALSE,79,M,7965
2:12:48,FALSE,79,M,7968
2:12:56,FALSE,79,M,7976
2:13:35,FALSE,79,M,8015
2:13:49,FALSE,79,M,8029
2:14:09,FALSE,79,M,8049
2:14:10,FALSE,79,M,8050
2:14:49,FALSE,79,M,8089
2:15:09,FALSE,79,M,8109
2:15:24,FALSE,79,M,8124
2:15:26,FALSE,79,M,8126
2:15:35,FALSE,79,M,8135
2:16:00,FALSE,79,M,8160
2:16:04,FALSE,79,M,8164
2:16:17,FALSE,79,M,8177
2:16:25,FALSE,79,M,8185
2:16:28,FALSE,79,M,8188
2:16:29,FALSE,79,M,8189
2:16:29,FALSE,79,M,8189
2:16:36,FALSE,79,M,8196
2:17:00,FALSE,79,M,8220
2:17:11,FALSE,79,M,8231
2:17:19,FALSE,79,M,8239
2:17:39,FALSE,79,M,8259
2:17:48,FALSE,79,M,8268
2:17:54,FALSE,79,M,8274
2:17:58,FALSE,79,M,8278
2:18:20,FALSE,79,M,8300
2:18:23,FALSE,79,M,8303
2:18:26,FALSE,79,M,8306
2:18:34,FALSE,79,M,8314
2:18:44,FALSE,79,M,8324
2:18:47,FALSE,79,M,8327
2:19:00,FALSE,79,M,8340
2:19:11,FALSE,79,M,8351
2:19:11,FALSE,79,M,8351
2:19:28,FALSE,79,M,8368
2:19:32,FALSE,79,M,8372
2:19:40,FALSE,79,M,8380
2:19:52,FALSE,79,M,8392
2:19:53,FALSE,79,M,8393
2:20:10,FALSE,79,M,8410
2:20:20,FALSE,79,M,8420
2:20:20,FALSE,79,M,8420
2:20:39,FALSE,79,M,8439
2:20:41,FALSE,79,M,8441
2:21:00,FALSE,79,M,8460
2:21:13,FALSE,79,M,8473
2:21:25,FALSE,79,M,8485
2:21:52,FALSE,79,M,8512
2:22:08,FALSE,79,M,8528
2:22:37,FALSE,79,M,8557
2:22:40,FALSE,79,M,8560
2:22:59,FALSE,79,M,8579
2:23:23,FALSE,79,M,8603
2:24:16,FALSE,79,M,8656
2:24:53,FALSE,79,M,8693
2:25:03,FALSE,79,M,8703
2:25:17,FALSE,79,M,8717
2:26:25,FALSE,79,M,8785
2:26:37,FALSE,79,M,8797
2:26:43,FALSE,79,M,8803
2:27:48,FALSE,79,M,8868
2:28:20,FALSE,79,M,8900
2:28:34,FALSE,79,M,8914
2:28:54,FALSE,79,M,8934
2:29:38,FALSE,79,M,8978
2:29:58,FALSE,79,M,8998
2:30:06,FALSE,79,M,9006
2:30:19,FALSE,79,M,9019
2:33:17,FALSE,79,M,9197
2:34:59,FALSE,79,M,9299
2:38:45,FALSE,79,M,9525
2:40:13,FALSE,79,M,9613
2:45:09,FALSE,79,M,9909
2:55:54,FALSE,79,M,10554
2:24:04,TRUE,79,F,8644
2:24:13,TRUE,79,F,8653
2:24:30,TRUE,79,F,8670
2:24:47,FALSE,79,F,8687
2:24:48,FALSE,79,F,8688
2:25:26,FALSE,79,F,8726
2:26:08,FALSE,79,F,8768
2:27:36,FALSE,79,F,8856
2:28:25,FALSE,79,F,8905
2:28:36,FALSE,79,F,8916
2:28:36,FALSE,79,F,8916
2:29:32,FALSE,79,F,8972
2:29:44,FALSE,79,F,8984
2:29:53,FALSE,79,F,8993
2:29:55,FALSE,79,F,8995
2:30:39,FALSE,79,F,9039
2:30:48,FALSE,79,F,9048
2:30:53,FALSE,79,F,9053
2:31:12,FALSE,79,F,9072
2:31:22,FALSE,79,F,9082
2:31:41,FALSE,79,F,9101
2:31:44,FALSE,79,F,9104
2:32:49,FALSE,79,F,9169
2:33:08,FALSE,79,F,9188
2:33:29,FALSE,79,F,9209
2:33:51,FALSE,79,F,9231
2:34:05,FALSE,79,F,9245
2:34:11,FALSE,79,F,9251
2:34:27,FALSE,79,F,9267
2:34:36,FALSE,79,F,9276
2:34:41,FALSE,79,F,9281
2:34:42,FALSE,79,F,9282
2:34:57,FALSE,79,F,9297
2:35:02,FALSE,79,F,9302
2:35:29,FALSE,79,F,9329
2:35:49,FALSE,79,F,9349
2:35:50,FALSE,79,F,9350
2:35:53,FALSE,79,F,9353
2:36:11,FALSE,79,F,9371
2:36:14,FALSE,79,F,9374
2:36:32,FALSE,79,F,9392
2:36:50,FALSE,79,F,9410
2:37:05,FALSE,79,F,9425
2:37:23,FALSE,79,F,9443
2:37:34,FALSE,79,F,9454
2:37:37,FALSE,79,F,9457
2:37:39,FALSE,79,F,9459
2:38:15,FALSE,79,F,9495
2:38:24,FALSE,79,F,9504
2:38:37,FALSE,79,F,9517
2:39:02,FALSE,79,F,9542
2:39:04,FALSE,79,F,9544
2:39:09,FALSE,79,F,9549
2:39:45,FALSE,79,F,9585
2:39:49,FALSE,79,F,9589
2:39:55,FALSE,79,F,9595
2:39:57,FALSE,79,F,9597
2:39:59,FALSE,79,F,9599
2:40:34,FALSE,79,F,9634
2:40:49,FALSE,79,F,9649
2:41:02,FALSE,79,F,9662
2:41:37,FALSE,79,F,9697
2:41:46,FALSE,79,F,9706
2:41:52,FALSE,79,F,9712
2:42:03,FALSE,79,F,9723
2:42:26,FALSE,79,F,9746
2:42:28,FALSE,79,F,9748
2:42:39,FALSE,79,F,9759
2:43:22,FALSE,79,F,9802
2:43:31,FALSE,79,F,9811
2:43:52,FALSE,79,F,9832
2:43:55,FALSE,79,F,9835
2:44:05,FALSE,79,F,9845
2:44:18,FALSE,79,F,9858
2:44:20,FALSE,79,F,9860
2:44:41,FALSE,79,F,9881
2:45:06,FALSE,79,F,9906
2:45:08,FALSE,79,F,9908
2:45:09,FALSE,79,F,9909
2:45:21,FALSE,79,F,9921
2:45:32,FALSE,79,F,9932
2:45:33,FALSE,79,F,9933
2:45:37,FALSE,79,F,9937
2:45:52,FALSE,79,F,9952
2:45:55,FALSE,79,F,9955
2:46:05,FALSE,79,F,9965
2:46:08,FALSE,79,F,9968
2:46:32,FALSE,79,F,9992
2:47:19,FALSE,79,F,10039
2:47:27,FALSE,79,F,10047
2:47:27,FALSE,79,F,10047
2:47:32,FALSE,79,F,10052
2:47:34,FALSE,79,F,10054
2:47:53,FALSE,79,F,10073
2:48:01,FALSE,79,F,10081
2:48:24,FALSE,79,F,10104
2:48:29,FALSE,79,F,10109
2:48:34,FALSE,79,F,10114
2:48:39,FALSE,79,F,10119
2:48:52,FALSE,79,F,10132
2:48:54,FALSE,79,F,10134
2:48:58,FALSE,79,F,10138
2:49:07,FALSE,79,F,10147
2:50:00,FALSE,79,F,10200
2:50:29,FALSE,79,F,10229
2:50:51,FALSE,79,F,10251
2:50:54,FALSE,79,F,10254
2:51:06,FALSE,79,F,10266
2:51:08,FALSE,79,F,10268
2:52:31,FALSE,79,F,10351
2:53:57,FALSE,79,F,10437
2:54:04,FALSE,79,F,10444
2:54:18,FALSE,79,F,10458
2:54:38,FALSE,79,F,10478
2:56:43,FALSE,79,F,10603
2:58:22,FALSE,79,F,10702
2:58:32,FALSE,79,F,10712
2:59:12,FALSE,79,F,10752
2:59:24,FALSE,79,F,10764
2:59:29,FALSE,79,F,10769
3:00:03,FALSE,79,F,10803
3:00:31,FALSE,79,F,10831
3:01:29,FALSE,79,F,10889
3:02:27,FALSE,79,F,10947
3:03:23,FALSE,79,F,11003
3:05:57,FALSE,79,F,11157
3:09:13,FALSE,79,F,11353
3:09:15,FALSE,79,F,11355
3:11:05,FALSE,79,F,11465
3:11:31,FALSE,79,F,11491
3:15:18,FALSE,79,F,11718
3:16:11,FALSE,79,F,11771
3:20:20,FALSE,79,F,12020
2:08:01,TRUE,79,M,7681
2:08:27,TRUE,79,M,7707
2:09:37,TRUE,79,M,7777
2:11:06,FALSE,79,M,7866
2:11:10,FALSE,79,M,7870
2:11:16,FALSE,79,M,7876
2:12:08,FALSE,79,M,7928
2:12:17,FALSE,79,M,7937
2:12:28,FALSE,79,M,7948
2:12:45,FALSE,79,M,7965
2:12:48,FALSE,79,M,7968
2:12:56,FALSE,79,M,7976
2:13:35,FALSE,79,M,8015
2:13:49,FALSE,79,M,8029
2:14:09,FALSE,79,M,8049
2:14:10,FALSE,79,M,8050
2:14:49,FALSE,79,M,8089
2:15:09,FALSE,79,M,8109
2:15:24,FALSE,79,M,8124
2:15:26,FALSE,79,M,8126
2:15:35,FALSE,79,M,8135
2:16:00,FALSE,79,M,8160
2:16:04,FALSE,79,M,8164
2:16:17,FALSE,79,M,8177
2:16:25,FALSE,79,M,8185
2:16:28,FALSE,79,M,8188
2:16:29,FALSE,79,M,8189
2:16:29,FALSE,79,M,8189
2:16:36,FALSE,79,M,8196
2:17:00,FALSE,79,M,8220
2:17:11,FALSE,79,M,8231
2:17:19,FALSE,79,M,8239
2:17:39,FALSE,79,M,8259
2:17:48,FALSE,79,M,8268
2:17:54,FALSE,79,M,8274
2:17:58,FALSE,79,M,8278
2:18:20,FALSE,79,M,8300
2:18:23,FALSE,79,M,8303
2:18:26,FALSE,79,M,8306
2:18:34,FALSE,79,M,8314
2:18:44,FALSE,79,M,8324
2:18:47,FALSE,79,M,8327
2:19:00,FALSE,79,M,8340
2:19:11,FALSE,79,M,8351
2:19:11,FALSE,79,M,8351
2:19:28,FALSE,79,M,8368
2:19:32,FALSE,79,M,8372
2:19:40,FALSE,79,M,8380
2:19:52,FALSE,79,M,8392
2:19:53,FALSE,79,M,8393
2:20:10,FALSE,79,M,8410
2:20:20,FALSE,79,M,8420
2:20:20,FALSE,79,M,8420
2:20:39,FALSE,79,M,8439
2:20:41,FALSE,79,M,8441
2:21:00,FALSE,79,M,8460
2:21:13,FALSE,79,M,8473
2:21:25,FALSE,79,M,8485
2:21:52,FALSE,79,M,8512
2:22:08,FALSE,79,M,8528
2:22:37,FALSE,79,M,8557
2:22:40,FALSE,79,M,8560
2:22:59,FALSE,79,M,8579
2:23:23,FALSE,79,M,8603
2:24:16,FALSE,79,M,8656
2:24:53,FALSE,79,M,8693
2:25:03,FALSE,79,M,8703
2:25:17,FALSE,79,M,8717
2:26:25,FALSE,79,M,8785
2:26:37,FALSE,79,M,8797
2:26:43,FALSE,79,M,8803
2:27:48,FALSE,79,M,8868
2:28:20,FALSE,79,M,8900
2:28:34,FALSE,79,M,8914
2:28:54,FALSE,79,M,8934
2:29:38,FALSE,79,M,8978
2:29:58,FALSE,79,M,8998
2:30:06,FALSE,79,M,9006
2:30:19,FALSE,79,M,9019
2:33:17,FALSE,79,M,9197
2:34:59,FALSE,79,M,9299
2:38:45,FALSE,79,M,9525
2:40:13,FALSE,79,M,9613
2:45:09,FALSE,79,M,9909
2:55:54,FALSE,79,M,10554
